Departamento,Municipio,2008,2009,2010,2011,2012,2013,2014,2015,2016,2017,2018,2019,2020,,,
Guatemala,Guatemala,"980,160","984,655","988,150","990,750","992,541","993,552","993,815","994,078","994,341","994,604","994,867","995,130","995,393",,,
Guatemala,Santa Catarina Pinula,"80,781","82,976","85,290","87,589","89,876","92,150","94,410","96,656","98,885","101,096","103,288","105,459","107,610",,,
Guatemala,San José Pinula,"63,448","65,531","67,730","69,939","72,161","74,395","76,640","78,896","81,161","83,433","85,712","87,997","90,287",,,
Guatemala,San José del Golfo,"5,596","5,656","5,721","5,781","5,837","5,889","5,937","5,981","6,021","6,057","6,090","6,118","6,143",,,
Guatemala,Palencia,"55,858","56,922","58,046","59,139","60,202","61,237","62,242","63,218","64,164","65,079","65,963","66,817","67,639",,,
Guatemala,Chinuautla,"115,843","118,502","121,306","124,064","126,780","129,454","132,084","134,670","137,210","139,701","142,143","144,535","146,876",,,
Guatemala,San Pedro Ayampuc,"62,963","65,279","67,728","70,205","72,713","75,251","77,819","80,416","83,041","85,693","88,371","91,074","93,801",,,
Guatemala,Mixco,"462,753","469,224","474,421","479,238","483,705","487,830","491,619","495,079","498,211","501,017","503,504","505,679","507,549",,,
Guatemala,San Pedro Sacatepéquez,"38,261","39,136","40,059","40,967","41,860","42,740","43,605","44,455","45,291","46,109","46,912","47,698","48,467",,,
Guatemala,San Juan Sacatepéquez,"196,422","202,074","208,035","213,975","219,905","225,821","231,721","237,245","242,394","247,173","251,596","255,674","259,420",,,
Guatemala,San Raimundo,"27,465","28,093","28,756","29,407","30,049","30,680","31,301","31,912","32,511","33,099","33,675","34,239","34,790",,,
Guatemala,Chuarrancho,"11,964","12,206","12,462","12,712","12,956","13,195","13,427","13,654","13,875","14,090","14,299","14,501","14,697",,,
Guatemala,Fraijanes,"40,114","41,327","42,607","43,886","45,167","46,448","47,730","49,012","50,292","51,570","52,846","54,118","55,387",,,
Guatemala,Amatitlán,"100,933","103,272","105,738","108,165","110,556","112,912","115,230","117,511","119,753","121,953","124,111","126,227","128,299",,,
Guatemala,Villa Nueva,"474,368","488,335","501,395","514,335","527,174","539,909","552,535","564,686","576,363","587,563","598,295","608,570","618,397",,,
Guatemala,Villa Canales,"131,984","135,618","139,449","143,258","147,050","150,823","154,577","158,309","162,017","165,698","169,349","172,970","176,559",,,
Guatemala,Petapa,"145,133","150,796","156,790","162,874","169,054","175,331","181,704","188,172","194,733","201,384","208,123","214,950","221,864",,,
El Progreso,Guastatoya,"20,895","21,299","21,724","22,176","22,654","23,153","23,667","24,189","24,724","25,277","25,841","26,410","26,977",,,
El Progreso,Morazán,"11,481","11,612","11,751","11,902","12,064","12,233","12,407","12,583","12,761","12,944","13,130","13,315","13,495",,,
El Progreso,San Agustín Acasagustlán,"37,544","38,132","38,755","39,418","40,124","40,861","41,618","42,384","43,167","43,974","44,794","45,616","46,429",,,
El Progreso,San Cristobal Acasaguastlán,"6,615","6,708","6,807","6,913","7,026","7,144","7,265","7,387","7,512","7,641","7,771","7,901","8,030",,,
El Progreso,El Jícaro,"10,700","10,753","10,813","10,882","10,960","11,044","11,130","11,215","11,302","11,392","11,482","11,569","11,651",,,
El Progreso,Sansare,"11,238","11,356","11,482","11,619","11,767","11,922","12,081","12,240","12,403","12,570","12,739","12,907","13,070",,,
El Progreso,Sanarate,"35,984","36,533","37,115","37,735","38,395","39,084","39,793","40,509","41,241","41,995","42,761","43,528","44,286",,,
El Progreso,San Antonio la Paz,"16,602","16,868","17,148","17,447","17,765","18,096","18,437","18,782","19,135","19,499","19,868","20,239","20,606",,,
Sacatepéquez,Antigua Guatemala,"44,101","44,455","44,786","45,098","45,393","45,669","45,921","46,148","46,351","46,534","46,693","46,827","46,931",,,
Sacatepéquez,Jocotenango,"20,021","20,193","20,357","20,511","20,658","20,796","20,924","21,040","21,146","21,242","21,328","21,402","21,463",,,
Sacatepéquez,Pastores,"13,904","14,194","14,481","14,768","15,054","15,338","15,619","15,895","16,169","16,439","16,705","16,966","17,220",,,
Sacatepéquez,Sumpango,"34,268","35,103","35,938","36,775","37,616","38,457","39,297","40,131","40,961","41,789","42,612","43,426","44,229",,,
Sacatepéquez,Santo Domingo Xenacoj,"9,506","9,711","9,915","10,119","10,322","10,524","10,725","10,923","11,119","11,313","11,504","11,692","11,876",,,
Sacatepéquez,Santiago Sactepéquez,"26,881","27,524","28,167","28,810","29,457","30,103","30,747","31,387","32,022","32,656","33,285","33,906","34,518",,,
Sacatepéquez,San Bartolomé,"7,380","7,684","7,996","8,317","8,647","8,986","9,333","9,688","10,051","10,422","10,802","11,190","11,584",,,
Sacatepéquez,San Lucas Sacatepéquez,"22,808","23,401","23,997","24,595","25,198","25,804","26,410","27,014","27,617","28,221","28,824","29,422","30,014",,,
Sacatepéquez,Santa Lucia Milpas Altas,"13,258","13,695","14,138","14,589","15,048","15,515","15,987","16,463","16,945","17,433","17,926","18,422","18,921",,,
Sacatepéquez,Magdalena Milpas Altas,"9,999","10,218","10,436","10,654","10,871","11,088","11,302","11,515","11,725","11,933","12,139","12,341","12,539",,,
Sacatepéquez,Santa María de Jesús,"15,952","16,134","16,308","16,477","16,641","16,798","16,947","17,088","17,221","17,347","17,465","17,573","17,672",,,
Sacatepéquez,Ciudad Vieja,"32,337","33,239","34,147","35,063","35,988","36,920","37,857","38,794","39,733","40,676","41,620","42,562","43,498",,,
Sacatepéquez,San Miguel Dueñas,"10,510","10,709","10,905","11,100","11,294","11,485","11,674","11,858","12,040","12,218","12,393","12,562","12,727",,,
Sacatepéquez,Alotenango,"22,954","24,013","25,107","26,237","27,407","28,616","29,862","31,144","32,464","33,824","35,223","36,659","38,130",,,
Sacatepéquez,San Antonio Aguas Calientes,"9,703","9,836","9,965","10,091","10,215","10,335","10,451","10,562","10,668","10,771","10,869","10,962","11,048",,,
Sacatepéquez,Santa Catarina Barahona,"3,307","3,351","3,393","3,434","3,474","3,513","3,551","3,587","3,621","3,654","3,685","3,714","3,742",,,
Chimaltenango,Chimaltenango,"105,056","109,663","114,440","119,398","124,545","129,875","135,378","141,045","146,889","152,919","159,128","165,504","172,038",,,
Chimaltenango,San José Poaquil,"22,881","23,260","23,639","24,019","24,400","24,779","25,154","25,523","25,886","26,244","26,596","26,939","27,271",,,
Chimaltenango,San Martín Jilotepeque,"69,927","71,448","72,982","74,532","76,099","77,676","79,253","80,823","82,389","83,956","85,515","87,058","88,579",,,
Chimaltenango,Comalapa,"40,815","41,520","42,226","42,933","43,644","44,353","45,055","45,747","46,429","47,104","47,769","48,418","49,048",,,
Chimaltenango,Santa Apolonia,"14,732","15,126","15,527","15,935","16,350","16,771","17,196","17,623","18,053","18,487","18,923","19,360","19,795",,,
Chimaltenango,Tecpán Guatemala,"76,420","78,732","81,091","83,502","85,968","88,479","91,027","93,602","96,211","98,856","101,530","104,222","106,926",,,
Chimaltenango,Patzún,"49,502","50,452","51,406","52,366","53,333","54,301","55,265","56,219","57,165","58,106","59,036","59,951","60,846",,,
Chimaltenango,Pochuta,"10,900","11,036","11,170","11,304","11,437","11,568","11,696","11,819","11,939","12,055","12,168","12,275","12,376",,,
Chimaltenango,Patzicía,"30,237","31,198","32,181","33,188","34,219","35,271","36,341","37,426","38,526","39,645","40,778","41,922","43,074",,,
Chimaltenango,Santa Cruz Balanyá,"7,483","7,612","7,740","7,869","7,998","8,127","8,255","8,380","8,504","8,627","8,748","8,866","8,980",,,
Chimaltenango,Acatenango,"21,092","21,453","21,814","22,177","22,541","22,903","23,263","23,616","23,965","24,310","24,649","24,981","25,302",,,
Chimaltenango,Yepocapa,"29,007","29,759","30,521","31,297","32,085","32,884","33,688","34,496","35,308","36,126","36,947","37,768","38,585",,,
Chimaltenango,San Andrés Itzapa,"28,336","29,369","30,430","31,524","32,649","33,805","34,987","36,194","37,426","38,686","39,971","41,278","42,603",,,
Chimaltenango,Parramos,"13,407","13,979","14,572","15,187","15,824","16,483","17,163","17,862","18,582","19,323","20,086","20,868","21,668",,,
Chimaltenango,Zaragoza,"22,636","23,292","23,960","24,643","25,339","26,047","26,764","27,488","28,219","28,959","29,706","30,457","31,208",,,
Chimaltenango,El Tejar,"20,126","21,078","22,068","23,100","24,176","25,293","26,452","27,650","28,891","30,176","31,505","32,875","34,286",,,
Escuintla,Escuintla,"141,918","144,797","147,617","150,390","153,131","155,825","158,456","161,009","163,495","165,922","168,277","170,543","172,708",,,
Escuintla,Santa Lucía Cotzumalguapa,"114,110","117,866","121,651","125,471","129,341","133,247","137,175","141,112","145,065","149,043","153,030","157,013","160,975",,,
Escuintla,La Democracia,"23,002","23,616","24,226","24,836","25,446","26,056","26,662","27,261","27,855","28,445","29,029","29,604","30,168",,,
Escuintla,Siquinalá,"20,128","20,843","21,567","22,301","23,047","23,803","24,567","25,336","26,112","26,895","27,685","28,477","29,270",,,
Escuintla,Masagua,"40,551","41,650","42,745","43,839","44,937","46,033","47,123","48,202","49,274","50,340","51,395","52,436","53,456",,,
Escuintla,Tiquizate,"53,313","54,402","55,469","56,520","57,558","58,579","59,577","60,546","61,489","62,411","63,306","64,168","64,992",,,
Escuintla,La Gomera,"56,162","57,230","58,273","59,293","60,299","61,284","62,241","63,166","64,061","64,931","65,771","66,574","67,336",,,
Escuintla,Guanagazapa,"15,786","16,190","16,591","16,991","17,390","17,788","18,182","18,571","18,956","19,337","19,714","20,083","20,444",,,
Escuintla,San José,"48,525","49,400","50,250","51,081","51,897","52,693","53,463","54,205","54,919","55,611","56,275","56,907","57,502",,,
Escuintla,Iztapa,"11,562","11,633","11,695","11,750","11,798","11,839","11,872","11,896","11,913","11,922","11,923","11,917","11,901",,,
Escuintla,Palín,"52,287","54,383","56,519","58,698","60,927","63,202","65,517","67,864","70,249","72,676","75,138","77,628","80,139",,,
Escuintla,San Vicente Pacaya,"15,559","15,938","16,314","16,687","17,060","17,430","17,795","18,154","18,509","18,859","19,203","19,540","19,868",,,
Escuintla,Nueva Concepción,"62,285","62,622","62,912","63,159","63,373","63,548","63,679","63,762","63,803","63,806","63,769","63,686","63,554",,,
Santa Rosa,Cuilapa,"36,925","37,922","38,979","40,116","41,324","42,594","43,914","45,274","46,682","48,147","49,659","51,204","52,771",,,
Santa Rosa,Barberena,"42,610","43,304","44,047","44,859","45,729","46,644","47,589","48,551","49,539","50,562","51,606","52,658","53,703",,,
Santa Rosa,Santa Rosa de Lima,"16,605","16,922","17,260","17,627","18,019","18,430","18,856","19,290","19,737","20,201","20,675","21,155","21,635",,,
Santa Rosa,Casillas,"22,336","22,700","23,089","23,515","23,971","24,450","24,945","25,450","25,968","26,504","27,051","27,602","28,150",,,
Santa Rosa,San Rafael Las Flores,"11,362","11,738","12,137","12,565","13,021","13,501","14,002","14,521","15,062","15,627","16,213","16,817","17,435",,,
Santa Rosa,Oratorio,"22,127","22,578","23,058","23,578","24,133","24,714","25,317","25,933","26,567","27,225","27,899","28,583","29,268",,,
Santa Rosa,San Juan Tecuaco,"8,969","9,155","9,354","9,569","9,799","10,039","10,288","10,543","10,806","11,078","11,358","11,641","11,925",,,
Santa Rosa,Chiquimulilla,"45,648","46,138","46,674","47,275","47,929","48,621","49,335","50,058","50,798","51,564","52,342","53,117","53,876",,,
Santa Rosa,Taxisco,"22,826","22,887","22,948","23,039","23,151","23,278","23,412","23,545","23,682","23,827","23,973","24,113","24,242",,,
Santa Rosa,Santa María Ixhuatán,"20,151","20,340","20,547","20,784","21,042","21,316","21,600","21,886","22,179","22,483","22,790","23,096","23,394",,,
Santa Rosa,Guazacapán,"14,484","14,622","14,774","14,947","15,136","15,336","15,543","15,752","15,966","16,188","16,413","16,636","16,854",,,
Santa Rosa,Santa Cruz Naranjo,"12,469","12,692","12,930","13,190","13,467","13,758","14,058","14,365","14,681","15,008","15,342","15,679","16,016",,,
Santa Rosa,Pueblo Nuevo Viñas,"22,633","23,071","23,537","24,044","24,584","25,150","25,737","26,336","26,953","27,592","28,246","28,908","29,571",,,
Santa Rosa,Nueva Santa Rosa,"30,288","30,650","31,044","31,482","31,956","32,456","32,973","33,496","34,033","34,588","35,152","35,715","36,270",,,
Sololá,Sololá,"97,363","102,411","107,646","113,078","118,722","124,572","130,621","136,859","143,299","149,951","156,807","163,856","171,088",,,
Sololá,San José Chacayá,"3,763","3,963","4,172","4,389","4,615","4,849","5,092","5,343","5,602","5,871","6,148","6,434","6,727",,,
Sololá,Santa María Visitación,"2,361","2,419","2,476","2,533","2,591","2,647","2,704","2,759","2,814","2,868","2,921","2,973","3,023",,,
Sololá,Santa Lucia Utatlán,"22,177","22,720","23,260","23,799","24,337","24,872","25,402","25,923","26,437","26,944","27,444","27,932","28,406",,,
Sololá,Nahualá,"61,583","62,802","64,000","65,181","66,348","67,496","68,616","69,702","70,757","71,785","72,779","73,733","74,641",,,
Sololá,Santa Catalina Ixtahuacán,"47,345","48,097","48,828","49,539","50,234","50,908","51,555","52,172","52,759","53,322","53,854","54,352","54,811",,,
Sololá,Santa Clara La Laguna,"8,823","9,082","9,342","9,604","9,868","10,133","10,398","10,662","10,926","11,189","11,450","11,710","11,965",,,
Sololá,Concepción,"5,824","6,033","6,244","6,459","6,678","6,900","7,124","7,350","7,578","7,809","8,041","8,274","8,507",,,
Sololá,San Andres Semetabaj,"11,809","12,126","12,443","12,761","13,080","13,398","13,715","14,029","14,340","14,649","14,955","15,256","15,552",,,
Sololá,Panajachel,"15,092","15,644","16,206","16,778","17,361","17,953","18,552","19,157","19,769","20,387","21,011","21,638","22,266",,,
Sololá,Santa Catarina Palopó,"4,556","4,818","5,091","5,377","5,675","5,987","6,311","6,648","6,999","7,363","7,741","8,132","8,537",,,
Sololá,San Antonio Palopó,"12,371","12,603","12,830","13,054","13,274","13,490","13,700","13,902","14,099","14,289","14,472","14,647","14,812",,,
Sololá,San Lucas Tolimán,"27,145","27,902","28,662","29,423","30,189","30,956","31,721","32,480","33,234","33,986","34,731","35,467","36,190",,,
Sololá,Santa Cruz La Laguna,"6,133","6,419","6,713","7,016","7,330","7,652","7,983","8,322","8,670","9,027","9,392","9,765","10,145",,,
Sololá,San Pablo La Laguna,"6,861","7,014","7,165","7,315","7,464","7,612","7,757","7,899","8,038","8,174","8,308","8,437","8,562",,,
Sololá,San Marcos La Laguna,"3,496","3,690","3,891","4,101","4,320","4,548","4,784","5,029","5,283","5,546","5,819","6,101","6,391",,,
Sololá,San Juan La Laguna,"10,055","10,304","10,552","10,799","11,047","11,293","11,536","11,776","12,013","12,247","12,477","12,702","12,922",,,
Sololá,San Pedro La Laguna,"10,597","10,793","10,984","11,172","11,358","11,539","11,716","11,886","12,050","12,210","12,363","12,508","12,646",,,
Sololá,Santiago Atitlán,"41,166","42,361","43,561","44,767","45,982","47,201","48,419","49,631","50,839","52,046","53,244","54,431","55,601",,,
Totonicapán,Totonicapán,"120,250","123,697","127,190","130,744","134,373","138,051","141,751","145,448","149,158","152,893","156,630","160,343","164,006",,,
Totonicapán,San Cristóbal Totonicapán,"35,326","36,002","36,675","37,351","38,032","38,711","39,380","40,033","40,674","41,306","41,924","42,520","43,088",,,
Totonicapán,San Francisco el Alto,"57,926","59,774","61,656","63,580","65,551","67,558","69,588","71,629","73,687","75,771","77,869","79,966","82,052",,,
Totonicapán,San Andrés Xecul,"30,272","31,451","32,663","33,912","35,203","36,529","37,883","39,261","40,665","42,101","43,562","45,042","46,532",,,
Totonicapán,Momostenango,"113,120","116,893","120,742","124,682","128,728","132,854","137,037","141,253","145,515","149,840","154,203","158,578","162,941",,,
Totonicapán,Santa María Chiquimula,"43,562","44,775","46,003","47,252","48,525","49,814","51,110","52,401","53,696","54,997","56,297","57,587","58,856",,,
Totonicapán,Santa Lucía la Reforma,"18,862","19,677","20,519","21,391","22,296","23,231","24,191","25,174","26,182","27,217","28,277","29,358","30,454",,,
Totonicapán,San Bartolo,"14,432","15,383","16,389","17,456","18,590","19,789","21,054","22,385","23,786","25,263","26,816","28,445","30,147",,,
Quetzaltenango,Quetzaltenango,"143,321","145,637","147,968","150,334","152,743","155,163","157,559","159,898","162,200","164,486","166,723","168,880","170,926",,,
Quetzaltenango,Salcajá,"17,191","17,535","17,883","18,238","18,600","18,967","19,332","19,694","20,053","20,413","20,768","21,117","21,454",,,
Quetzaltenango,Olintepeque,"29,485","30,522","31,591","32,698","33,844","35,024","36,231","37,457","38,708","39,989","41,292","42,609","43,933",,,
Quetzaltenango,San Carlos Sija,"32,919","33,579","34,246","34,927","35,622","36,325","37,027","37,720","38,409","39,100","39,783","40,451","41,098",,,
Quetzaltenango,Sibilia,"7,922","7,954","7,986","8,018","8,050","8,081","8,109","8,132","8,151","8,168","8,182","8,190","8,191",,,
Quetzaltenango,Cabricán,"23,292","23,878","24,474","25,085","25,713","26,351","26,994","27,637","28,283","28,935","29,587","30,235","30,872",,,
Quetzaltenango,Cajolá,"10,031","10,073","10,114","10,155","10,196","10,236","10,272","10,302","10,327","10,349","10,367","10,377","10,379",,,
Quetzaltenango,San Miguel Siguilá,"8,528","8,831","9,143","9,466","9,801","10,146","10,498","10,857","11,223","11,598","11,979","12,365","12,753",,,
Quetzaltenango,San Juan Ostuncalco,"48,297","49,338","50,393","51,470","52,572","53,687","54,805","55,913","57,019","58,128","59,231","60,315","61,369",,,
Quetzaltenango,San Mateo,"8,086","8,600","9,145","9,725","10,341","10,995","11,686","12,412","13,178","13,987","14,839","15,732","16,665",,,
Quetzaltenango,Concepción Chiquirichapa,"17,341","17,558","17,774","17,993","18,215","18,437","18,654","18,862","19,064","19,263","19,454","19,635","19,800",,,
Quetzaltenango,San Martín Sacatepéquez,"24,193","24,700","25,213","25,737","26,273","26,814","27,357","27,893","28,428","28,965","29,497","30,019","30,525",,,
Quetzaltenango,Almolonga,"16,436","16,808","17,186","17,573","17,968","18,369","18,772","19,173","19,573","19,976","20,377","20,772","21,158",,,
Quetzaltenango,Cantel,"38,122","39,183","40,267","41,380","42,526","43,695","44,879","46,068","47,268","48,484","49,707","50,928","52,137",,,
Quetzaltenango,Huitán,"12,734","13,177","13,633","14,105","14,594","15,096","15,610","16,132","16,665","17,209","17,763","18,322","18,884",,,
Quetzaltenango,Zuníl,"12,212","12,356","12,499","12,644","12,791","12,937","13,080","13,217","13,349","13,478","13,602","13,718","13,824",,,
Quetzaltenango,Colomba,"39,822","40,040","40,254","40,467","40,684","40,894","41,089","41,261","41,416","41,558","41,680","41,776","41,838",,,
Quetzaltenango,San Francisco la Unión,"7,532","7,565","7,596","7,628","7,660","7,690","7,718","7,742","7,762","7,779","7,793","7,802","7,805",,,
Quetzaltenango,El Palmar,"26,660","27,205","27,756","28,319","28,894","29,475","30,056","30,631","31,203","31,776","32,344","32,900","33,439",,,
Quetzaltenango,Coatepeque,"117,451","120,871","124,373","127,973","131,684","135,476","139,323","143,196","147,111","151,088","155,097","159,108","163,090",,,
Quetzaltenango,Génova,"36,968","37,908","38,867","39,848","40,856","41,882","42,917","43,951","44,991","46,041","47,093","48,137","49,165",,,
Quetzaltenango,Flores Costa Cuca,"24,542","25,300","26,078","26,880","27,707","28,554","29,416","30,286","31,168","32,066","32,974","33,885","34,793",,,
Quetzaltenango,La Esperanza,"22,035","23,243","24,512","25,851","27,264","28,748","30,302","31,921","33,612","35,381","37,225","39,140","41,120",,,
Quetzaltenango,Palestina de los Altos,"12,472","12,597","12,721","12,846","12,973","13,099","13,220","13,335","13,445","13,552","13,653","13,746","13,828",,,
Suchitepequez,Mazatenango,"83,013","85,628","88,333","91,140","94,054","97,059","100,138","103,276","106,484","109,774","113,129","116,532","119,964",,,
Suchitepequez,Cuyotenango,"48,653","49,739","50,853","52,002","53,187","54,397","55,623","56,855","58,099","59,360","60,630","61,897","63,153",,,
Suchitepequez,San Francisco Zapotitlán,"18,177","18,492","18,814","19,146","19,487","19,833","20,182","20,528","20,875","21,225","21,573","21,917","22,253",,,
Suchitepequez,San Bernardino,"15,635","16,416","17,238","18,105","19,018","19,978","20,981","22,026","23,117","24,258","25,447","26,682","27,960",,,
Suchitepequez,San José el Idolo,"8,664","8,813","8,966","9,123","9,285","9,449","9,614","9,779","9,943","10,109","10,274","10,436","10,595",,,
Suchitepequez,Santo Domingo Suchitepéquez,"34,563","34,929","35,303","35,687","36,081","36,480","36,875","37,260","37,638","38,015","38,383","38,737","39,070",,,
Suchitepequez,San Lorenzo,"11,415","11,639","11,869","12,106","12,350","12,598","12,849","13,100","13,352","13,607","13,862","14,115","14,364",,,
Suchitepequez,Samayac,"20,180","20,540","20,908","21,287","21,677","22,074","22,473","22,870","23,268","23,670","24,070","24,466","24,853",,,
Suchitepequez,San Pablo Jocopilas,"18,560","18,914","19,275","19,648","20,031","20,421","20,815","21,208","21,603","22,001","22,400","22,795","23,183",,,
Suchitepequez,San Antonio Suchitepéquez,"45,560","46,687","47,846","49,043","50,279","51,545","52,832","54,130","55,445","56,784","58,135","59,491","60,842",,,
Suchitepequez,San Miguel Panán,"7,995","8,119","8,244","8,373","8,506","8,641","8,776","8,909","9,043","9,176","9,309","9,439","9,566",,,
Suchitepequez,San Gabriel,"5,171","5,352","5,539","5,734","5,938","6,148","6,364","6,586","6,813","7,047","7,287","7,531","7,779",,,
Suchitepequez,Chicacao,"48,353","49,148","49,961","50,797","51,656","52,528","53,404","54,274","55,144","56,018","56,888","57,744","58,577",,,
Suchitepequez,Patulul,"37,128","38,204","39,314","40,464","41,655","42,881","44,133","45,404","46,700","48,025","49,371","50,732","52,098",,,
Suchitepequez,Santa Bárbara,"21,748","22,242","22,749","23,273","23,812","24,363","24,922","25,484","26,052","26,628","27,208","27,788","28,362",,,
Suchitepequez,San Juan Bautista,"8,566","8,943","9,338","9,752","10,187","10,640","11,111","11,599","12,105","12,631","13,176","13,737","14,314",,,
Suchitepequez,Santo Tomás la Unión,"11,157","11,409","11,668","11,935","12,211","12,493","12,778","13,065","13,355","13,649","13,945","14,240","14,534",,,
Suchitepequez,Zunilito,"6,770","6,993","7,223","7,463","7,711","7,968","8,232","8,501","8,777","9,060","9,349","9,643","9,940",,,
Suchitepequez,Pueblo Nuevo,"10,299","10,522","10,750","10,986","11,228","11,476","11,727","11,979","12,232","12,490","12,748","13,006","13,261",,,
Suchitepequez,Rio Bravo,"19,438","19,752","20,073","20,403","20,743","21,087","21,432","21,775","22,118","22,462","22,804","23,141","23,468",,,
Retalhuleu,Retalhuleu,"80,450","81,938","83,452","85,003","86,596","88,212","89,832","91,439","93,044","94,658","96,263","97,841","99,375",,,
Retalhuleu,San Sebastián,"25,891","26,508","27,139","27,789","28,458","29,141","29,832","30,525","31,224","31,932","32,644","33,353","34,054",,,
Retalhuleu,Santa Cruz Muluá,"12,253","12,490","12,731","12,979","13,233","13,491","13,750","14,008","14,265","14,525","14,783","15,038","15,287",,,
Retalhuleu,San Martín Zapotitlán,"10,202","10,516","10,839","11,174","11,520","11,877","12,241","12,610","12,986","13,370","13,761","14,155","14,550",,,
Retalhuleu,San Felipe,"22,125","22,855","23,609","24,391","25,202","26,038","26,894","27,765","28,654","29,566","30,496","31,438","32,385",,,
Retalhuleu,San Andrés Villa Seca,"36,376","36,917","37,466","38,026","38,601","39,181","39,759","40,326","40,888","41,449","42,002","42,538","43,051",,,
Retalhuleu,Champerico,"31,506","32,435","33,391","34,378","35,400","36,449","37,519","38,602","39,703","40,827","41,967","43,115","44,263",,,
Retalhuleu,Nuevo San Carlos,"30,129","30,565","31,006","31,457","31,920","32,387","32,851","33,306","33,756","34,206","34,648","35,076","35,485",,,
Retalhuleu,El Asintal,"35,428","36,571","37,751","38,972","40,239","41,543","42,878","44,235","45,620","47,038","48,482","49,943","51,412",,,
San Marcos,San Marcos,"46,065","47,466","48,919","50,437","52,019","53,648","55,304","56,971","58,660","60,383","62,122","63,858","65,571",,,
San Marcos,San Pedro Sacatepéquez,"65,069","66,058","67,075","68,136","69,236","70,350","71,452","72,519","73,567","74,611","75,627","76,593","77,487",,,
San Marcos,San Antonio Sacatepéquez,"18,105","18,596","19,103","19,633","20,184","20,749","21,321","21,892","22,469","23,055","23,643","24,225","24,795",,,
San Marcos,Comitancillo,"56,456","57,884","59,359","60,897","62,495","64,131","65,783","67,428","69,082","70,758","72,434","74,088","75,697",,,
San Marcos,San Miguel Ixtahuacán,"34,035","34,647","35,276","35,933","36,613","37,303","37,992","38,664","39,330","39,997","40,653","41,285","41,881",,,
San Marcos,Concepción Tutuapa,"55,357","56,196","57,060","57,960","58,894","59,839","60,775","61,680","62,569","63,454","64,316","65,136","65,894",,,
San Marcos,Tacaná,"71,674","72,939","74,241","75,598","77,004","78,432","79,853","81,241","82,614","83,988","85,338","86,637","87,860",,,
San Marcos,Sibinal,"15,168","15,433","15,706","15,991","16,286","16,585","16,883","17,174","17,462","17,750","18,032","18,304","18,559",,,
San Marcos,Tajumulco,"50,989","52,366","53,791","55,277","56,823","58,409","60,014","61,619","63,236","64,880","66,528","68,162","69,760",,,
San Marcos,Tejutla,"31,139","31,624","32,123","32,644","33,184","33,730","34,272","34,797","35,313","35,827","36,329","36,807","37,251",,,
San Marcos,San Rafael Pie de La Cuesta,"14,735","14,968","15,207","15,457","15,716","15,978","16,238","16,491","16,739","16,986","17,228","17,458","17,673",,,
San Marcos,Nuevo Progreso,"32,801","33,754","34,742","35,774","36,849","37,954","39,075","40,201","41,339","42,498","43,666","44,829","45,972",,,
San Marcos,El Tumbador,"39,405","39,953","40,517","41,105","41,715","42,332","42,941","43,526","44,098","44,667","45,218","45,737","46,212",,,
San Marcos,El Rodeo,"15,939","16,193","16,454","16,727","17,009","17,295","17,579","17,854","18,125","18,395","18,659","18,911","19,146",,,
San Marcos,Malacatán,"92,034","95,116","98,320","101,675","105,178","108,795","112,490","116,227","120,030","123,926","127,877","131,843","135,785",,,
San Marcos,Catarina,"30,906","31,815","32,757","33,742","34,767","35,821","36,893","37,968","39,056","40,165","41,283","42,396","43,492",,,
San Marcos,Ayutla,"34,056","34,999","35,977","36,996","38,057","39,146","40,249","41,354","42,468","43,602","44,741","45,871","46,978",,,
San Marcos,Ocós,"37,889","39,142","40,445","41,808","43,231","44,700","46,200","47,715","49,257","50,835","52,435","54,040","55,633",,,
San Marcos,San Pablo,"46,703","48,170","49,694","51,287","52,948","54,659","56,403","58,160","59,943","61,765","63,606","65,448","67,270",,,
San Marcos,El Quetzal,"21,821","22,218","22,627","23,053","23,495","23,944","24,391","24,829","25,262","25,697","26,124","26,536","26,925",,,
San Marcos,La Reforma,"15,140","15,225","15,314","15,410","15,512","15,613","15,708","15,793","15,870","15,944","16,009","16,061","16,095",,,
San Marcos,Pajapita,"21,392","22,086","22,807","23,562","24,349","25,161","25,989","26,826","27,676","28,545","29,426","30,308","31,182",,,
San Marcos,Ixchiguán,"25,623","26,383","27,171","27,995","28,852","29,734","30,631","31,531","32,443","33,372","34,309","35,243","36,163",,,
San Marcos,San José Ojetenam,"18,606","18,895","19,192","19,502","19,824","20,149","20,472","20,784","21,092","21,398","21,697","21,981","22,245",,,
San Marcos,San Cristóbal Cucho,"15,665","15,908","16,158","16,419","16,689","16,963","17,234","17,497","17,755","18,013","18,264","18,503","18,725",,,
San Marcos,Sipacapa,"16,774","17,158","17,554","17,967","18,396","18,834","19,274","19,711","20,147","20,588","21,027","21,458","21,873",,,
San Marcos,Esquipulas Palo Gordo,"10,576","10,855","11,143","11,444","11,757","12,077","12,401","12,725","13,050","13,381","13,712","14,040","14,360",,,
San Marcos,Río Blanco,"5,335","5,400","5,468","5,539","5,612","5,686","5,759","5,829","5,896","5,963","6,027","6,087","6,140",,,
San Marcos,San Lorenzo,"11,136","11,335","11,539","11,752","11,973","12,198","12,421","12,639","12,855","13,072","13,284","13,489","13,682",,,
Huehuetenango,Huehuetenango,"100,673","103,259","105,849","108,461","111,108","113,756","116,372","118,925","121,433","123,918","126,347","128,687","130,908",,,
Huehuetenango,Chiantla,"82,000","84,720","87,441","90,235","93,092","95,986","98,889","101,774","104,657","107,555","110,440","113,260","115,979",,,
Huehuetenango,Malacatancito,"19,177","19,661","20,145","20,634","21,128","21,622","22,110","22,585","23,051","23,513","23,963","24,397","24,807",,,
Huehuetenango,Cuilco,"54,889","55,984","57,067","58,148","59,234","60,306","61,347","62,342","63,300","64,234","65,126","65,961","66,724",,,
Huehuetenango,Nentón,"38,820","40,204","41,614","43,056","44,535","46,040","47,557","49,073","50,596","52,133","53,672","55,199","56,698",,,
Huehuetenango,San Pedro Necta,"31,112","31,774","32,430","33,088","33,749","34,405","35,045","35,659","36,255","36,837","37,398","37,926","38,415",,,
Huehuetenango,Jacaltenango,"41,112","41,986","42,853","43,720","44,593","45,458","46,303","47,113","47,899","48,667","49,406","50,103","50,748",,,
Huehuetenango,Soloma,"45,142","46,410","47,686","48,977","50,290","51,609","52,920","54,207","55,480","56,748","57,996","59,209","60,372",,,
Huehuetenango,San Idelfonso Ixtahuacán,"38,918","40,070","41,233","42,412","43,614","44,824","46,031","47,220","48,401","49,581","50,746","51,884","52,982",,,
Huehuetenango,Santa Bárbara,"16,665","16,827","16,980","17,129","17,273","17,410","17,533","17,639","17,730","17,811","17,878","17,926","17,951",,,
Huehuetenango,La Libertad,"34,865","35,697","36,528","37,363","38,207","39,048","39,876","40,678","41,463","42,237","42,988","43,707","44,383",,,
Huehuetenango,La Democracia,"41,803","42,501","43,185","43,863","44,539","45,201","45,835","46,430","46,994","47,535","48,042","48,503","48,908",,,
Huehuetenango,San Miguel Acatán,"24,329","24,639","24,939","25,233","25,524","25,803","26,064","26,301","26,517","26,719","26,900","27,053","27,174",,,
Huehuetenango,San Rafael la Independencia,"11,638","11,734","11,824","11,910","11,993","12,070","12,138","12,193","12,239","12,277","12,305","12,320","12,319",,,
Huehuetenango,Todos Santos Cuchumatán,"32,048","32,834","33,619","34,411","35,211","36,009","36,796","37,561","38,310","39,049","39,770","40,461","41,113",,,
Huehuetenango,San Juan Atitán,"14,860","15,044","15,221","15,394","15,565","15,729","15,882","16,019","16,145","16,261","16,365","16,451","16,518",,,
Huehuetenango,Santa Eulalia,"40,684","42,183","43,711","45,276","46,885","48,524","50,180","51,837","53,506","55,194","56,887","58,571","60,229",,,
Huehuetenango,San Mateo Ixtatán,"36,374","37,213","38,049","38,888","39,735","40,577","41,404","42,204","42,983","43,750","44,494","45,202","45,864",,,
Huehuetenango,Colotenango,"25,091","25,502","25,904","26,303","26,701","27,089","27,461","27,809","28,138","28,454","28,748","29,015","29,249",,,
Huehuetenango,San Sebastián Huehuetenango,"26,397","27,094","27,792","28,498","29,213","29,930","30,639","31,333","32,015","32,693","33,356","33,997","34,608",,,
Huehuetenango,Tectitán,"7,861","7,942","8,019","8,094","8,167","8,237","8,300","8,355","8,403","8,447","8,484","8,511","8,529",,,
Huehuetenango,Concepción,"18,378","18,548","18,708","18,863","19,013","19,154","19,280","19,387","19,479","19,558","19,622","19,665","19,684",,,
Huehuetenango,San Juan Ixcoy,"24,464","25,154","25,847","26,550","27,265","27,983","28,696","29,397","30,091","30,782","31,462","32,123","32,758",,,
Huehuetenango,San Antonio Huista,"16,187","16,666","17,149","17,639","18,139","18,641","19,143","19,637","20,127","20,617","21,101","21,574","22,030",,,
Huehuetenango,San Sebastián Coatán,"22,316","22,889","23,462","24,041","24,628","25,214","25,794","26,359","26,915","27,465","28,003","28,522","29,014",,,
Huehuetenango,Santa Cruz Barillas,"115,050","120,993","127,168","133,606","140,332","147,314","154,518","161,905","169,506","177,354","185,408","193,625","201,954",,,
Huehuetenango,Aguacatán,"49,631","50,663","51,687","52,710","53,740","54,759","55,751","56,703","57,624","58,523","59,386","60,198","60,946",,,
Huehuetenango,San Rafael Petzal,"7,821","8,006","8,190","8,376","8,563","8,749","8,933","9,110","9,284","9,455","9,621","9,780","9,928",,,
Huehuetenango,San Gaspar Ixchil,"6,587","6,684","6,779","6,872","6,965","7,055","7,141","7,220","7,294","7,364","7,428","7,485","7,533",,,
Huehuetenango,Santiago Chimaltenanango,"6,769","6,891","7,011","7,131","7,250","7,368","7,481","7,588","7,691","7,790","7,883","7,970","8,047",,,
Huehuetenango,Santa Ana Huista,"8,583","8,738","8,890","9,042","9,194","9,343","9,486","9,622","9,752","9,878","9,996","10,106","10,204",,,
Huehuetenango,Unión Cantinil,"16,324","16,845","17,408","17,964","18,533","19,109","19,687","20,262","20,836","21,414","21,988","22,577","23,182",,,
Quiché,Santa Cruz del Quiché,"87,210","90,886","94,702","98,666","102,782","107,041","111,435","115,958","120,615","125,415","130,350","135,409","140,585",,,
Quiché,Chiché,"24,740","25,430","26,135","26,857","27,595","28,345","29,105","29,872","30,647","31,431","32,221","33,014","33,807",,,
Quiché,Chinique,"9,811","10,058","10,309","10,566","10,827","11,092","11,359","11,627","11,897","12,169","12,441","12,714","12,984",,,
Quiché,Zacualpa,"36,748","38,978","41,337","43,832","46,472","49,258","52,191","55,275","58,517","61,927","65,507","69,259","73,184",,,
Quiché,Chajul,"44,885","46,836","48,864","50,973","53,166","55,438","57,787","60,208","62,705","65,282","67,936","70,661","73,454",,,
Quiché,Chichicastenango,"133,700","137,367","141,113","144,943","148,855","152,833","156,860","160,920","165,019","169,162","173,334","177,518","181,700",,,
Quiché,Patzité,"5,528","5,640","5,753","5,868","5,984","6,100","6,217","6,333","6,448","6,564","6,678","6,791","6,902",,,
Quiché,San Antonio Ilotenango,"19,674","19,999","20,326","20,657","20,989","21,322","21,651","21,976","22,297","22,614","22,926","23,231","23,526",,,
Quiché,San Pedro Jocopilas,"26,434","27,067","27,711","28,367","29,035","29,710","30,390","31,072","31,755","32,443","33,131","33,816","34,496",,,
Quiché,Cunén,"32,451","33,409","34,389","35,395","36,424","37,473","38,539","39,617","40,709","41,816","42,934","44,060","45,190",,,
Quiché,San Juan Cotzal,"25,065","25,759","26,469","27,195","27,937","28,692","29,457","30,228","31,006","31,794","32,587","33,384","34,180",,,
Quiché,Joyabaj,"69,278","71,678","74,150","76,697","79,321","82,012","84,765","87,569","90,430","93,352","96,326","99,344","102,398",,,
Quiché,Nebaj,"73,216","76,076","79,036","82,101","85,272","88,542","91,905","95,352","98,888","102,519","106,237","110,034","113,902",,,
Quiché,San Andrés Sajcabajá,"23,278","23,858","24,449","25,052","25,666","26,287","26,915","27,544","28,177","28,814","29,453","30,091","30,725",,,
Quiché,Uspantán,"57,348","59,607","61,946","64,368","66,875","69,462","72,123","74,851","77,651","80,528","83,475","86,485","89,553",,,
Quiché,Sacapulas,"43,180","44,196","45,229","46,279","47,348","48,428","49,516","50,604","51,696","52,792","53,888","54,979","56,061",,,
Quiché,San Bartolomé Jocotenango,"12,722","13,345","13,996","14,677","15,389","16,132","16,904","17,705","18,536","19,400","20,295","21,220","22,175",,,
Quiché,Canillá,"11,225","11,522","11,824","12,133","12,448","12,768","13,091","13,416","13,744","14,075","14,408","14,741","15,073",,,
Quiché,Chicamán,"32,178","33,144","34,133","35,148","36,188","37,249","38,327","39,418","40,524","41,646","42,781","43,924","45,072",,,
Quiché,Ixcán,"84,377","87,734","91,210","94,813","98,543","102,394","106,356","110,421","114,595","118,886","123,283","127,778","132,361",,,
Quiché,Pachalum,"8,042","8,174","8,307","8,441","8,577","8,712","8,846","8,978","9,108","9,237","9,364","9,487","9,607",,,
Baja Verapaz,Salamá,"52,605","53,479","54,399","55,373","56,399","57,462","58,547","59,640","60,749","61,882","63,024","64,162","65,282",,,
Baja Verapaz,San Miguel Chicaj,"26,147","26,622","27,122","27,651","28,207","28,783","29,372","29,967","30,572","31,190","31,816","32,440","33,058",,,
Baja Verapaz,Rabinal,"34,106","34,601","35,124","35,680","36,267","36,874","37,494","38,116","38,745","39,386","40,031","40,670","41,296",,,
Baja Verapaz,Cubulco,"54,695","56,427","58,248","60,169","62,192","64,303","66,488","68,732","71,048","73,445","75,909","78,424","80,975",,,
Baja Verapaz,Granados,"11,200","11,223","11,253","11,291","11,336","11,384","11,433","11,480","11,527","11,574","11,619","11,659","11,693",,,
Baja Verapaz,El Chol,"8,841","8,920","9,004","9,096","9,194","9,296","9,399","9,502","9,605","9,710","9,814","9,915","10,012",,,
Baja Verapaz,San Jerónimo,"20,634","21,131","21,653","22,204","22,782","23,382","24,000","24,628","25,271","25,932","26,606","27,286","27,968",,,
Baja Verapaz,Purulhá,"43,820","45,473","47,215","49,059","51,005","53,046","55,169","57,366","59,646","62,020","64,476","67,003","69,589",,,
Alta Verapaz,Cobán,"200,084","207,797","215,796","224,104","232,703","241,569","250,675","259,997","269,556","279,372","289,421","299,673","310,102",,,
Alta Verapaz,Santa Cruz Verapaz,"29,789","31,420","33,138","34,951","36,857","38,858","40,952","43,137","45,420","47,808","50,299","52,893","55,587",,,
Alta Verapaz,San Cristóbal Verapaz,"54,704","56,163","57,657","59,192","60,760","62,353","63,963","65,583","67,216","68,867","70,528","72,191","73,848",,,
Alta Verapaz,Tactic,"31,436","32,334","33,255","34,203","35,174","36,162","37,165","38,176","39,198","40,235","41,281","42,332","43,383",,,
Alta Verapaz,Tamahú,"17,347","17,987","18,650","19,337","20,047","20,778","21,527","22,292","23,075","23,877","24,697","25,531","26,378",,,
Alta Verapaz,Tucurú,"36,818","37,921","39,055","40,223","41,421","42,643","43,885","45,140","46,412","47,705","49,011","50,328","51,648",,,
Alta Verapaz,Panzós,"54,552","55,764","56,999","58,263","59,547","60,843","62,144","63,441","64,739","66,041","67,340","68,629","69,900",,,
Alta Verapaz,Senahú,"63,100","64,105","65,123","66,158","67,201","68,242","69,272","70,284","71,281","72,268","73,237","74,181","75,091",,,
Alta Verapaz,San Pedro Carchá,"195,119","201,343","207,755","214,372","221,172","228,128","235,213","242,397","249,699","257,136","264,679","272,300","279,972",,,
Alta Verapaz,San Juan Chamelco,"51,143","52,759","54,423","56,141","57,905","59,709","61,545","63,407","65,298","67,223","69,175","71,147","73,130",,,
Alta Verapaz,Lanquín,"21,730","22,419","23,128","23,860","24,612","25,381","26,164","26,958","27,765","28,587","29,419","30,261","31,107",,,
Alta Verapaz,Cahabon,"54,024","55,441","56,891","58,380","59,901","61,445","63,004","64,571","66,150","67,745","69,349","70,953","72,551",,,
Alta Verapaz,Chisec,"59,927","61,725","63,570","65,473","67,423","69,414","71,436","73,480","75,553","77,656","79,786","81,929","84,082",,,
Alta Verapaz,Chahal,"22,835","23,650","24,493","25,367","26,268","27,194","28,142","29,109","30,096","31,107","32,138","33,185","34,246",,,
Alta Verapaz,Fray Bartolomé de las Casas,"57,376","59,054","60,777","62,552","64,370","66,224","68,104","70,004","71,927","73,879","75,850","77,834","79,821",,,
Alta Verapaz,La Tinta,"34,543","35,518","36,519","37,549","38,602","39,675","40,762","41,859","42,967","44,089","45,222","46,359","47,496",,,
Alta Verapaz,Raxruhá,"29,892","30,786","31,709","32,657","33,630","34,623","35,631","36,651","37,685","38,735","39,796","40,866","41,938",,,
Petén,Flores,"49,197","51,536","53,867","56,186","58,502","60,819","63,140","65,470","67,805","70,142","72,484","74,836","77,202",,,
Petén,San José,"4,929","5,093","5,250","5,401","5,547","5,688","5,824","5,956","6,084","6,208","6,328","6,444","6,556",,,
Petén,San Benito,"49,402","51,913","54,431","56,953","59,486","62,035","64,605","67,199","69,814","72,447","75,101","77,781","80,492",,,
Petén,San Andrés,"35,106","37,036","38,985","40,951","42,941","44,957","47,004","49,083","51,194","53,333","55,504","57,711","59,957",,,
Petén,La Libertad,"101,378","105,674","109,908","114,073","118,188","122,261","126,300","130,313","134,294","138,236","142,147","146,035","149,908",,,
Petén,San Francisco,"14,347","15,043","15,738","16,431","17,124","17,818","18,515","19,216","19,919","20,625","21,333","22,046","22,764",,,
Petén,Santa Ana,"26,197","27,719","29,264","30,831","32,425","34,048","35,703","37,392","39,116","40,871","42,660","44,488","46,356",,,
Petén,Dolores,"44,358","45,810","47,204","48,540","49,826","51,066","52,265","53,427","54,550","55,631","56,676","57,687","58,670",,,
Petén,San Luis,"68,121","70,496","72,792","75,005","77,151","79,234","81,261","83,239","85,163","87,031","88,848","90,620","92,352",,,
Petén,Sayaxché,"94,407","99,446","104,522","109,628","114,781","119,989","125,262","130,606","136,017","141,487","147,025","152,640","158,342",,,
Petén,Melchor de Mencos,"21,184","21,409","21,588","21,724","21,822","21,886","21,920","21,928","21,909","21,865","21,799","21,713","21,610",,,
Petén,Poptún,"55,206","57,685","60,142","62,573","64,988","67,391","69,787","72,180","74,566","76,941","79,311","81,678","84,048",,,
Izabal,Puerto Barrios,"96,259","98,305","100,370","102,463","104,584","106,722","108,863","110,996","113,126","115,260","117,385","119,490","121,562",,,
Izabal,Livingston,"58,788","60,175","61,580","63,008","64,460","65,929","67,406","68,884","70,367","71,858","73,351","74,838","76,310",,,
Izabal,El Estor,"62,970","65,995","69,150","72,444","75,885","79,468","83,189","87,045","91,043","95,195","99,494","103,936","108,513",,,
Izabal,Morales,"104,580","107,194","109,847","112,549","115,300","118,088","120,898","123,719","126,555","129,415","132,285","135,150","137,998",,,
Izabal,Los Amates,"61,038","61,676","62,307","62,934","63,559","64,172","64,768","65,340","65,890","66,424","66,934","67,414","67,859",,,
Zacapa,Zacapa,"65,048","66,037","67,128","68,339","69,655","71,052","72,502","73,980","75,504","77,092","78,716","80,351","81,969",,,
Zacapa,Estanzuela,"10,881","11,003","11,140","11,296","11,469","11,652","11,843","12,037","12,236","12,444","12,656","12,868","13,075",,,
Zacapa,Rio Hondo,"17,629","17,685","17,764","17,871","17,999","18,143","18,294","18,445","18,602","18,768","18,937","19,101","19,255",,,
Zacapa,Gualán,"39,685","39,798","39,964","40,190","40,467","40,776","41,103","41,431","41,771","42,130","42,495","42,851","43,182",,,
Zacapa,Teculután,"16,102","16,375","16,673","17,003","17,360","17,738","18,130","18,531","18,945","19,376","19,818","20,263","20,706",,,
Zacapa,Usumatlán,"10,299","10,459","10,636","10,832","11,045","11,271","11,505","11,745","11,991","12,248","12,511","12,776","13,038",,,
Zacapa,Cabañas,"11,063","11,083","11,117","11,169","11,234","11,308","11,387","11,466","11,547","11,635","11,723","11,809","11,888",,,
Zacapa,San Diego,"5,810","5,828","5,854","5,889","5,931","5,978","6,027","6,077","6,128","6,183","6,238","6,292","6,342",,,
Zacapa,La Unión,"27,425","28,013","28,651","29,347","30,096","30,888","31,712","32,557","33,432","34,345","35,284","36,238","37,195",,,
Zacapa,Huité,"9,370","9,469","9,582","9,711","9,853","10,005","10,163","10,323","10,488","10,660","10,836","11,011","11,182",,,
Chiquimula,Chiquimula,"88,918","90,401","91,951","93,596","95,320","97,102","98,920","100,756","102,620","104,525","106,450","108,376","110,284",,,
Chiquimula,San José La Arada,"7,918","7,997","8,081","8,172","8,268","8,367","8,468","8,568","8,669","8,772","8,875","8,977","9,075",,,
Chiquimula,San Juan Ermita,"12,789","12,945","13,108","13,283","13,468","13,658","13,852","14,046","14,242","14,442","14,643","14,841","15,035",,,
Chiquimula,Jocotán,"50,803","52,345","53,960","55,664","57,452","59,314","61,238","63,214","65,250","67,355","69,519","71,730","73,975",,,
Chiquimula,Camotán,"45,483","46,927","48,440","50,037","51,714","53,462","55,270","57,130","59,050","61,038","63,084","65,177","67,308",,,
Chiquimula,Olopa,"21,742","22,354","22,993","23,668","24,376","25,111","25,869","26,646","27,444","28,268","29,113","29,974","30,845",,,
Chiquimula,Esquipulas,"50,433","51,786","53,201","54,694","56,258","57,882","59,555","61,266","63,024","64,835","66,689","68,574","70,479",,,
Chiquimula,Concepción Las Minas,"12,604","12,725","12,853","12,992","13,139","13,291","13,446","13,600","13,755","13,912","14,070","14,224","14,374",,,
Chiquimula,Quezaltepeque,"25,903","26,135","26,382","26,651","26,937","27,232","27,532","27,831","28,132","28,437","28,741","29,040","29,328",,,
Chiquimula,San Jacinto,"11,633","11,815","12,005","12,208","12,420","12,639","12,863","13,088","13,316","13,550","13,785","14,021","14,253",,,
Chiquimula,Ipala,"19,734","19,792","19,851","19,925","20,009","20,099","20,190","20,278","20,365","20,454","20,541","20,621","20,691",,,
Jalapa,Jalapa,"130,910","134,745","138,740","142,912","147,266","151,776","156,419","161,171","166,048","171,068","176,206","181,437","186,736",,,
Jalapa,San Pedro Pinula,"53,411","54,987","56,629","58,344","60,134","61,988","63,898","65,853","67,859","69,925","72,040","74,195","76,378",,,
Jalapa,San Luis Jilotepeque,"23,484","23,920","24,373","24,845","25,336","25,840","26,353","26,871","27,397","27,931","28,471","29,011","29,548",,,
Jalapa,San Manuel Chaparrón,"8,106","8,248","8,395","8,549","8,708","8,872","9,039","9,207","9,377","9,550","9,725","9,899","10,072",,,
Jalapa,San Carlos Alzatate,"15,701","16,237","16,798","17,386","18,000","18,640","19,301","19,982","20,685","21,411","22,159","22,925","23,707",,,
Jalapa,Monjas,"23,242","23,595","23,961","24,343","24,741","25,149","25,562","25,978","26,397","26,821","27,248","27,672","28,090",,,
Jalapa,Mataquescuintla,"39,073","40,024","41,011","42,041","43,113","44,219","45,352","46,504","47,681","48,885","50,110","51,349","52,594",,,
Jutiapa,Jutiapa,"124,622","127,848","131,314","135,182","139,342","143,749","148,355","153,110","158,054","163,227","168,579","174,056","179,603",,,
Jutiapa,El Progreso,"18,390","18,421","18,453","18,527","18,626","18,740","18,862","18,986","19,115","19,252","19,392","19,528","19,652",,,
Jutiapa,Santa Catarina Mita,"23,796","23,844","23,892","23,995","24,129","24,284","24,450","24,617","24,791","24,977","25,166","25,349","25,518",,,
Jutiapa,Agua Blanca,"14,384","14,399","14,415","14,464","14,531","14,611","14,697","14,784","14,875","14,973","15,072","15,168","15,255",,,
Jutiapa,Asunción Mita,"40,614","40,658","40,702","40,839","41,029","41,253","41,496","41,741","41,997","42,272","42,551","42,820","43,065",,,
Jutiapa,Yupiltepeque,"14,341","14,626","14,933","15,282","15,659","16,059","16,476","16,903","17,346","17,808","18,283","18,765","19,249",,,
Jutiapa,Atescatempa,"15,166","15,222","15,278","15,370","15,481","15,606","15,739","15,873","16,012","16,159","16,308","16,454","16,591",,,
Jutiapa,Jeréz,"5,176","5,182","5,188","5,206","5,231","5,260","5,292","5,323","5,357","5,392","5,428","5,463","5,495",,,
Jutiapa,El Adelanto,"5,439","5,457","5,475","5,506","5,544","5,587","5,632","5,678","5,726","5,776","5,827","5,877","5,924",,,
Jutiapa,Zapotitlán,"9,273","9,424","9,589","9,779","9,986","10,206","10,434","10,668","10,910","11,161","11,420","11,681","11,940",,,
Jutiapa,Comapa,"25,617","26,054","26,530","27,077","27,670","28,299","28,955","29,626","30,319","31,042","31,784","32,534","33,282",,,
Jutiapa,Jalpatagua,"23,965","24,256","24,581","24,968","25,392","25,845","26,317","26,798","27,294","27,811","28,339","28,869","29,391",,,
Jutiapa,Conguaco,"17,814","18,138","18,490","18,892","19,327","19,789","20,270","20,762","21,272","21,803","22,349","22,902","23,454",,,
Jutiapa,Moyuta,"36,852","37,295","37,790","38,378","39,025","39,716","40,435","41,168","41,924","42,712","43,517","44,324","45,120",,,
Jutiapa,Pasaco,"8,772","8,878","8,995","9,135","9,289","9,453","9,625","9,799","9,979","10,166","10,358","10,550","10,739",,,
Jutiapa,Acatempa,"12,600","12,802","13,024","13,280","13,558","13,854","14,161","14,476","14,801","15,140","15,487","15,838","16,187",,,
Jutiapa,Quezada,"19,175","19,479","19,811","20,195","20,613","21,057","21,519","21,991","22,479","22,987","23,508","24,035","24,558",,,
